PassengerId,Survived,Pclass,Sex,Age,Fare,Embarked,Title,Family_size
1,0,3,male,22,7.25,S,Mr,Couple
2,1,1,female,38,71.2833,C,Mrs,Couple
3,1,3,female,26,7.925,S,Miss,Alone
4,1,1,female,35,53.1,S,Mrs,Couple
5,0,3,male,35,8.05,S,Mr,Alone
6,0,3,male,25,8.4583,Q,Mr,Alone
7,0,1,male,54,51.8625,S,Mr,Alone
8,0,3,male,2,21.075,S,Master,Large_Family
9,1,3,female,27,11.1333,S,Mrs,Small_Family
10,1,2,female,14,30.0708,C,Mrs,Couple
11,1,3,female,4,16.7,S,Miss,Small_Family
12,1,1,female,58,26.55,S,Miss,Alone
13,0,3,male,20,8.05,S,Mr,Alone
14,0,3,male,39,31.275,S,Mr,Large_Family
15,0,3,female,14,7.8542,S,Miss,Alone
16,1,2,female,55,16.0,S,Mrs,Alone
17,0,3,male,2,29.125,Q,Master,Large_Family
18,1,2,male,30,13.0,S,Mr,Alone
19,0,3,female,31,18.0,S,Mrs,Couple
20,1,3,female,21,7.225,C,Mrs,Alone
21,0,2,male,35,26.0,S,Mr,Alone
22,1,2,male,34,13.0,S,Mr,Alone
23,1,3,female,15,8.0292,Q,Miss,Alone
24,1,1,male,28,35.5,S,Mr,Alone
25,0,3,female,8,21.075,S,Miss,Large_Family
26,1,3,female,38,31.3875,S,Mrs,Large_Family
27,0,3,male,25,7.225,C,Mr,Alone
28,0,1,male,19,263.0,S,Mr,Large_Family
29,1,3,female,21,7.8792,Q,Miss,Alone
30,0,3,male,25,7.8958,S,Mr,Alone
31,0,1,male,40,27.7208,C,Rare,Alone
32,1,1,female,35,146.5208,C,Mrs,Couple
33,1,3,female,21,7.75,Q,Miss,Alone
34,0,2,male,66,10.5,S,Mr,Alone
35,0,1,male,28,82.1708,C,Mr,Couple
36,0,1,male,42,52.0,S,Mr,Couple
37,1,3,male,25,7.2292,C,Mr,Alone
38,0,3,male,21,8.05,S,Mr,Alone
39,0,3,female,18,18.0,S,Miss,Small_Family
40,1,3,female,14,11.2417,C,Miss,Couple
41,0,3,female,40,9.475,S,Mrs,Couple
42,0,2,female,27,21.0,S,Mrs,Couple
43,0,3,male,25,7.8958,C,Mr,Alone
44,1,2,female,3,41.5792,C,Miss,Small_Family
45,1,3,female,19,7.8792,Q,Miss,Alone
46,0,3,male,25,8.05,S,Mr,Alone
47,0,3,male,25,15.5,Q,Mr,Couple
48,1,3,female,21,7.75,Q,Miss,Alone
49,0,3,male,25,21.6792,C,Mr,Small_Family
50,0,3,female,18,17.8,S,Mrs,Couple
51,0,3,male,7,39.6875,S,Master,Large_Family
52,0,3,male,21,7.8,S,Mr,Alone
53,1,1,female,49,76.7292,C,Mrs,Couple
54,1,2,female,29,26.0,S,Mrs,Couple
55,0,1,male,65,61.9792,C,Mr,Couple
56,1,1,male,40,35.5,S,Mr,Alone
57,1,2,female,21,10.5,S,Miss,Alone
58,0,3,male,28,7.2292,C,Mr,Alone
59,1,2,female,5,27.75,S,Miss,Small_Family
60,0,3,male,11,46.9,S,Master,Large_Family
61,0,3,male,22,7.2292,C,Mr,Alone
62,1,1,female,38,80.0,S,Miss,Alone
63,0,1,male,45,83.475,S,Mr,Couple
64,0,3,male,4,27.9,S,Master,Large_Family
65,0,1,male,40,27.7208,C,Mr,Alone
66,1,3,male,25,15.2458,C,Master,Small_Family
67,1,2,female,29,10.5,S,Mrs,Alone
68,0,3,male,19,8.1583,S,Mr,Alone
69,1,3,female,17,7.925,S,Miss,Large_Family
70,0,3,male,26,8.6625,S,Mr,Small_Family
71,0,2,male,32,10.5,S,Mr,Alone
72,0,3,female,16,46.9,S,Miss,Large_Family
73,0,2,male,21,73.5,S,Mr,Alone
74,0,3,male,26,14.4542,C,Mr,Couple
75,1,3,male,32,56.4958,S,Mr,Alone
76,0,3,male,25,7.65,S,Mr,Alone
77,0,3,male,25,7.8958,S,Mr,Alone
78,0,3,male,25,8.05,S,Mr,Alone
79,1,2,male,0,29.0,S,Master,Small_Family
80,1,3,female,30,12.475,S,Miss,Alone
81,0,3,male,22,9.0,S,Mr,Alone
82,1,3,male,29,9.5,S,Mr,Alone
83,1,3,female,21,7.7875,Q,Miss,Alone
84,0,1,male,28,47.1,S,Mr,Alone
85,1,2,female,17,10.5,S,Miss,Alone
86,1,3,female,33,15.85,S,Mrs,Small_Family
87,0,3,male,16,34.375,S,Mr,Large_Family
88,0,3,male,25,8.05,S,Mr,Alone
89,1,1,female,23,263.0,S,Miss,Large_Family
90,0,3,male,24,8.05,S,Mr,Alone
91,0,3,male,29,8.05,S,Mr,Alone
92,0,3,male,20,7.8542,S,Mr,Alone
93,0,1,male,46,61.175,S,Mr,Couple
94,0,3,male,26,20.575,S,Mr,Small_Family
95,0,3,male,59,7.25,S,Mr,Alone
96,0,3,male,25,8.05,S,Mr,Alone
97,0,1,male,71,34.6542,C,Mr,Alone
98,1,1,male,23,63.3583,C,Mr,Couple
99,1,2,female,34,23.0,S,Mrs,Couple
100,0,2,male,34,26.0,S,Mr,Couple
101,0,3,female,28,7.8958,S,Miss,Alone
102,0,3,male,25,7.8958,S,Mr,Alone
103,0,1,male,21,77.2875,S,Mr,Couple
104,0,3,male,33,8.6542,S,Mr,Alone
105,0,3,male,37,7.925,S,Mr,Small_Family
106,0,3,male,28,7.8958,S,Mr,Alone
107,1,3,female,21,7.65,S,Miss,Alone
108,1,3,male,25,7.775,S,Mr,Alone
109,0,3,male,38,7.8958,S,Mr,Alone
110,1,3,female,21,24.15,Q,Miss,Couple
111,0,1,male,47,52.0,S,Mr,Alone
112,0,3,female,14,14.4542,C,Miss,Couple
113,0,3,male,22,8.05,S,Mr,Alone
114,0,3,female,20,9.825,S,Miss,Couple
115,0,3,female,17,14.4583,C,Miss,Alone
116,0,3,male,21,7.925,S,Mr,Alone
117,0,3,male,70,7.75,Q,Mr,Alone
118,0,2,male,29,21.0,S,Mr,Couple
119,0,1,male,24,247.5208,C,Mr,Couple
120,0,3,female,2,31.275,S,Miss,Large_Family
121,0,2,male,21,73.5,S,Mr,Small_Family
122,0,3,male,25,8.05,S,Mr,Alone
123,0,2,male,32,30.0708,C,Mr,Couple
124,1,2,female,32,13.0,S,Miss,Alone
125,0,1,male,54,77.2875,S,Mr,Couple
126,1,3,male,12,11.2417,C,Master,Couple
127,0,3,male,25,7.75,Q,Mr,Alone
128,1,3,male,24,7.1417,S,Mr,Alone
129,1,3,female,21,22.3583,C,Miss,Small_Family
130,0,3,male,45,6.975,S,Mr,Alone
131,0,3,male,33,7.8958,C,Mr,Alone
132,0,3,male,20,7.05,S,Mr,Alone
133,0,3,female,47,14.5,S,Mrs,Couple
134,1,2,female,29,26.0,S,Mrs,Couple
135,0,2,male,25,13.0,S,Mr,Alone
136,0,2,male,23,15.0458,C,Mr,Alone
137,1,1,female,19,26.2833,S,Miss,Small_Family
138,0,1,male,37,53.1,S,Mr,Couple
139,0,3,male,16,9.2167,S,Mr,Alone
140,0,1,male,24,79.2,C,Mr,Alone
141,0,3,female,21,15.2458,C,Mrs,Small_Family
142,1,3,female,22,7.75,S,Miss,Alone
143,1,3,female,24,15.85,S,Mrs,Couple
144,0,3,male,19,6.75,Q,Mr,Alone
145,0,2,male,18,11.5,S,Mr,Alone
146,0,2,male,19,36.75,S,Mr,Small_Family
147,1,3,male,27,7.7958,S,Mr,Alone
148,0,3,female,9,34.375,S,Miss,Large_Family
149,0,2,male,36,26.0,S,Mr,Small_Family
150,0,2,male,42,13.0,S,Rare,Alone
151,0,2,male,51,12.525,S,Rare,Alone
152,1,1,female,22,66.6,S,Mrs,Couple
153,0,3,male,55,8.05,S,Mr,Alone
154,0,3,male,40,14.5,S,Mr,Small_Family
155,0,3,male,25,7.3125,S,Mr,Alone
156,0,1,male,51,61.3792,C,Mr,Couple
157,1,3,female,16,7.7333,Q,Miss,Alone
158,0,3,male,30,8.05,S,Mr,Alone
159,0,3,male,25,8.6625,S,Mr,Alone
160,0,3,male,25,69.55,S,Master,Large_Family
161,0,3,male,44,16.1,S,Mr,Couple
162,1,2,female,40,15.75,S,Mrs,Alone
163,0,3,male,26,7.775,S,Mr,Alone
164,0,3,male,17,8.6625,S,Mr,Alone
165,0,3,male,1,39.6875,S,Master,Large_Family
166,1,3,male,9,20.525,S,Master,Small_Family
167,1,1,female,35,55.0,S,Mrs,Couple
168,0,3,female,45,27.9,S,Mrs,Large_Family
169,0,1,male,40,25.925,S,Mr,Alone
170,0,3,male,28,56.4958,S,Mr,Alone
171,0,1,male,61,33.5,S,Mr,Alone
172,0,3,male,4,29.125,Q,Master,Large_Family
173,1,3,female,1,11.1333,S,Miss,Small_Family
174,0,3,male,21,7.925,S,Mr,Alone
175,0,1,male,56,30.6958,C,Mr,Alone
176,0,3,male,18,7.8542,S,Mr,Small_Family
177,0,3,male,25,25.4667,S,Master,Large_Family
178,0,1,female,50,28.7125,C,Miss,Alone
179,0,2,male,30,13.0,S,Mr,Alone
180,0,3,male,36,0.0,S,Mr,Alone
181,0,3,female,21,69.55,S,Miss,Large_Family
182,0,2,male,30,15.05,C,Mr,Alone
183,0,3,male,9,31.3875,S,Master,Large_Family
184,1,2,male,1,39.0,S,Master,Small_Family
185,1,3,female,4,22.025,S,Miss,Small_Family
186,0,1,male,40,50.0,S,Mr,Alone
187,1,3,female,21,15.5,Q,Mrs,Couple
188,1,1,male,45,26.55,S,Mr,Alone
189,0,3,male,40,15.5,Q,Mr,Small_Family
190,0,3,male,36,7.8958,S,Mr,Alone
191,1,2,female,32,13.0,S,Mrs,Alone
192,0,2,male,19,13.0,S,Mr,Alone
193,1,3,female,19,7.8542,S,Miss,Couple
194,1,2,male,3,26.0,S,Master,Small_Family
195,1,1,female,44,27.7208,C,Mrs,Alone
196,1,1,female,58,146.5208,C,Miss,Alone
197,0,3,male,25,7.75,Q,Mr,Alone
198,0,3,male,42,8.4042,S,Mr,Couple
199,1,3,female,21,7.75,Q,Miss,Alone
200,0,2,female,24,13.0,S,Miss,Alone
201,0,3,male,28,9.5,S,Mr,Alone
202,0,3,male,25,69.55,S,Mr,Large_Family
203,0,3,male,34,6.4958,S,Mr,Alone
204,0,3,male,45,7.225,C,Mr,Alone
205,1,3,male,18,8.05,S,Mr,Alone
206,0,3,female,2,10.4625,S,Miss,Couple
207,0,3,male,32,15.85,S,Mr,Couple
208,1,3,male,26,18.7875,C,Mr,Alone
209,1,3,female,16,7.75,Q,Miss,Alone
210,1,1,male,40,31.0,C,Mr,Alone
211,0,3,male,24,7.05,S,Mr,Alone
212,1,2,female,35,21.0,S,Miss,Alone
213,0,3,male,22,7.25,S,Mr,Alone
214,0,2,male,30,13.0,S,Mr,Alone
215,0,3,male,25,7.75,Q,Mr,Couple
216,1,1,female,31,113.275,C,Miss,Couple
217,1,3,female,27,7.925,S,Miss,Alone
218,0,2,male,42,27.0,S,Mr,Couple
219,1,1,female,32,76.2917,C,Miss,Alone
220,0,2,male,30,10.5,S,Mr,Alone
221,1,3,male,16,8.05,S,Mr,Alone
222,0,2,male,27,13.0,S,Mr,Alone
223,0,3,male,51,8.05,S,Mr,Alone
224,0,3,male,25,7.8958,S,Mr,Alone
225,1,1,male,38,90.0,S,Mr,Couple
226,0,3,male,22,9.35,S,Mr,Alone
227,1,2,male,19,10.5,S,Mr,Alone
228,0,3,male,20,7.25,S,Mr,Alone
229,0,2,male,18,13.0,S,Mr,Alone
230,0,3,female,21,25.4667,S,Miss,Large_Family
231,1,1,female,35,83.475,S,Mrs,Couple
232,0,3,male,29,7.775,S,Mr,Alone
233,0,2,male,59,13.5,S,Mr,Alone
234,1,3,female,5,31.3875,S,Miss,Large_Family
235,0,2,male,24,10.5,S,Mr,Alone
236,0,3,female,21,7.55,S,Miss,Alone
237,0,2,male,44,26.0,S,Mr,Couple
238,1,2,female,8,26.25,S,Miss,Small_Family
239,0,2,male,19,10.5,S,Mr,Alone
240,0,2,male,33,12.275,S,Mr,Alone
241,0,3,female,21,14.4542,C,Miss,Couple
242,1,3,female,21,15.5,Q,Miss,Couple
243,0,2,male,29,10.5,S,Mr,Alone
244,0,3,male,22,7.125,S,Mr,Alone
245,0,3,male,30,7.225,C,Mr,Alone
246,0,1,male,44,90.0,Q,Rare,Small_Family
247,0,3,female,25,7.775,S,Miss,Alone
248,1,2,female,24,14.5,S,Mrs,Small_Family
249,1,1,male,37,52.5542,S,Mr,Small_Family
250,0,2,male,54,26.0,S,Rare,Couple
251,0,3,male,25,7.25,S,Mr,Alone
252,0,3,female,29,10.4625,S,Mrs,Small_Family
253,0,1,male,62,26.55,S,Mr,Alone
254,0,3,male,30,16.1,S,Mr,Couple
255,0,3,female,41,20.2125,S,Mrs,Small_Family
256,1,3,female,29,15.2458,C,Mrs,Small_Family
257,1,1,female,35,79.2,C,Mrs,Alone
258,1,1,female,30,86.5,S,Miss,Alone
259,1,1,female,35,512.3292,C,Miss,Alone
260,1,2,female,50,26.0,S,Mrs,Couple
261,0,3,male,25,7.75,Q,Mr,Alone
262,1,3,male,3,31.3875,S,Master,Large_Family
263,0,1,male,52,79.65,S,Mr,Small_Family
264,0,1,male,40,0.0,S,Mr,Alone
265,0,3,female,21,7.75,Q,Miss,Alone
266,0,2,male,36,10.5,S,Mr,Alone
267,0,3,male,16,39.6875,S,Mr,Large_Family
268,1,3,male,25,7.775,S,Mr,Couple
269,1,1,female,58,153.4625,S,Mrs,Couple
270,1,1,female,35,135.6333,S,Miss,Alone
271,0,1,male,40,31.0,S,Mr,Alone
272,1,3,male,25,0.0,S,Mr,Alone
273,1,2,female,41,19.5,S,Mrs,Couple
274,0,1,male,37,29.7,C,Mr,Couple
275,1,3,female,21,7.75,Q,Miss,Alone
276,1,1,female,63,77.9583,S,Miss,Couple
277,0,3,female,45,7.75,S,Miss,Alone
278,0,2,male,30,0.0,S,Mr,Alone
279,0,3,male,7,29.125,Q,Master,Large_Family
280,1,3,female,35,20.25,S,Mrs,Small_Family
281,0,3,male,65,7.75,Q,Mr,Alone
282,0,3,male,28,7.8542,S,Mr,Alone
283,0,3,male,16,9.5,S,Mr,Alone
284,1,3,male,19,8.05,S,Mr,Alone
285,0,1,male,40,26.0,S,Mr,Alone
286,0,3,male,33,8.6625,C,Mr,Alone
287,1,3,male,30,9.5,S,Mr,Alone
288,0,3,male,22,7.8958,S,Mr,Alone
289,1,2,male,42,13.0,S,Mr,Alone
290,1,3,female,22,7.75,Q,Miss,Alone
291,1,1,female,26,78.85,S,Miss,Alone
292,1,1,female,19,91.0792,C,Mrs,Couple
293,0,2,male,36,12.875,C,Mr,Alone
294,0,3,female,24,8.85,S,Miss,Alone
295,0,3,male,24,7.8958,S,Mr,Alone
296,0,1,male,40,27.7208,C,Mr,Alone
297,0,3,male,23,7.2292,C,Mr,Alone
298,0,1,female,2,151.55,S,Miss,Small_Family
299,1,1,male,40,30.5,S,Mr,Alone
300,1,1,female,50,247.5208,C,Mrs,Couple
301,1,3,female,21,7.75,Q,Miss,Alone
302,1,3,male,25,23.25,Q,Mr,Small_Family
303,0,3,male,19,0.0,S,Mr,Alone
304,1,2,female,28,12.35,Q,Miss,Alone
305,0,3,male,25,8.05,S,Mr,Alone
306,1,1,male,0,151.55,S,Master,Small_Family
307,1,1,female,35,110.8833,C,Miss,Alone
308,1,1,female,17,108.9,C,Mrs,Couple
309,0,2,male,30,24.0,C,Mr,Couple
310,1,1,female,30,56.9292,C,Miss,Alone
311,1,1,female,24,83.1583,C,Miss,Alone
312,1,1,female,18,262.375,C,Miss,Large_Family
313,0,2,female,26,26.0,S,Mrs,Small_Family
314,0,3,male,28,7.8958,S,Mr,Alone
315,0,2,male,43,26.25,S,Mr,Small_Family
316,1,3,female,26,7.8542,S,Miss,Alone
317,1,2,female,24,26.0,S,Mrs,Couple
318,0,2,male,54,14.0,S,Rare,Alone
319,1,1,female,31,164.8667,S,Miss,Small_Family
320,1,1,female,40,134.5,C,Mrs,Small_Family
321,0,3,male,22,7.25,S,Mr,Alone
322,0,3,male,27,7.8958,S,Mr,Alone
323,1,2,female,30,12.35,Q,Miss,Alone
324,1,2,female,22,29.0,S,Mrs,Small_Family
325,0,3,male,25,69.55,S,Mr,Large_Family
326,1,1,female,36,135.6333,C,Miss,Alone
327,0,3,male,61,6.2375,S,Mr,Alone
328,1,2,female,36,13.0,S,Mrs,Alone
329,1,3,female,31,20.525,S,Mrs,Small_Family
330,1,1,female,16,57.9792,C,Miss,Couple
331,1,3,female,21,23.25,Q,Miss,Small_Family
332,0,1,male,45,28.5,S,Mr,Alone
333,0,1,male,38,153.4625,S,Mr,Couple
334,0,3,male,16,18.0,S,Mr,Small_Family
335,1,1,female,35,133.65,S,Mrs,Couple
336,0,3,male,25,7.8958,S,Mr,Alone
337,0,1,male,29,66.6,S,Mr,Couple
338,1,1,female,41,134.5,C,Miss,Alone
339,1,3,male,45,8.05,S,Mr,Alone
340,0,1,male,45,35.5,S,Mr,Alone
341,1,2,male,2,26.0,S,Master,Small_Family
342,1,1,female,24,263.0,S,Miss,Large_Family
343,0,2,male,28,13.0,S,Mr,Alone
344,0,2,male,25,13.0,S,Mr,Alone
345,0,2,male,36,13.0,S,Mr,Alone
346,1,2,female,24,13.0,S,Miss,Alone
347,1,2,female,40,13.0,S,Miss,Alone
348,1,3,female,21,16.1,S,Mrs,Couple
349,1,3,male,3,15.9,S,Master,Small_Family
350,0,3,male,42,8.6625,S,Mr,Alone
351,0,3,male,23,9.225,S,Mr,Alone
352,0,1,male,40,35.0,S,Mr,Alone
353,0,3,male,15,7.2292,C,Mr,Small_Family
354,0,3,male,25,17.8,S,Mr,Couple
355,0,3,male,25,7.225,C,Mr,Alone
356,0,3,male,28,9.5,S,Mr,Alone
357,1,1,female,22,55.0,S,Miss,Couple
358,0,2,female,38,13.0,S,Miss,Alone
359,1,3,female,21,7.8792,Q,Miss,Alone
360,1,3,female,21,7.8792,Q,Miss,Alone
361,0,3,male,40,27.9,S,Mr,Large_Family
362,0,2,male,29,27.7208,C,Mr,Couple
363,0,3,female,45,14.4542,C,Mrs,Couple
364,0,3,male,35,7.05,S,Mr,Alone
365,0,3,male,25,15.5,Q,Mr,Couple
366,0,3,male,30,7.25,S,Mr,Alone
367,1,1,female,60,75.25,C,Mrs,Couple
368,1,3,female,21,7.2292,C,Mrs,Alone
369,1,3,female,21,7.75,Q,Miss,Alone
370,1,1,female,24,69.3,C,Mrs,Alone
371,1,1,male,25,55.4417,C,Mr,Couple
372,0,3,male,18,6.4958,S,Mr,Couple
373,0,3,male,19,8.05,S,Mr,Alone
374,0,1,male,22,135.6333,C,Mr,Alone
375,0,3,female,3,21.075,S,Miss,Large_Family
376,1,1,female,35,82.1708,C,Mrs,Couple
377,1,3,female,22,7.25,S,Miss,Alone
378,0,1,male,27,211.5,C,Mr,Small_Family
379,0,3,male,20,4.0125,C,Mr,Alone
380,0,3,male,19,7.775,S,Mr,Alone
381,1,1,female,42,227.525,C,Miss,Alone
382,1,3,female,1,15.7417,C,Miss,Small_Family
383,0,3,male,32,7.925,S,Mr,Alone
384,1,1,female,35,52.0,S,Mrs,Couple
385,0,3,male,25,7.8958,S,Mr,Alone
386,0,2,male,18,73.5,S,Mr,Alone
387,0,3,male,1,46.9,S,Master,Large_Family
388,1,2,female,36,13.0,S,Miss,Alone
389,0,3,male,25,7.7292,Q,Mr,Alone
390,1,2,female,17,12.0,C,Miss,Alone
391,1,1,male,36,120.0,S,Mr,Small_Family
392,1,3,male,21,7.7958,S,Mr,Alone
393,0,3,male,28,7.925,S,Mr,Small_Family
394,1,1,female,23,113.275,C,Miss,Couple
395,1,3,female,24,16.7,S,Mrs,Small_Family
396,0,3,male,22,7.7958,S,Mr,Alone
397,0,3,female,31,7.8542,S,Miss,Alone
398,0,2,male,46,26.0,S,Mr,Alone
399,0,2,male,23,10.5,S,Rare,Alone
400,1,2,female,28,12.65,S,Mrs,Alone
401,1,3,male,39,7.925,S,Mr,Alone
402,0,3,male,26,8.05,S,Mr,Alone
403,0,3,female,21,9.825,S,Miss,Couple
404,0,3,male,28,15.85,S,Mr,Couple
405,0,3,female,20,8.6625,S,Miss,Alone
406,0,2,male,34,21.0,S,Mr,Couple
407,0,3,male,51,7.75,S,Mr,Alone
408,1,2,male,3,18.75,S,Master,Small_Family
409,0,3,male,21,7.775,S,Mr,Alone
410,0,3,female,21,25.4667,S,Miss,Large_Family
411,0,3,male,25,7.8958,S,Mr,Alone
412,0,3,male,25,6.8583,Q,Mr,Alone
413,1,1,female,33,90.0,Q,Miss,Couple
414,0,2,male,30,0.0,S,Mr,Alone
415,1,3,male,44,7.925,S,Mr,Alone
416,0,3,female,21,8.05,S,Mrs,Alone
417,1,2,female,34,32.5,S,Mrs,Small_Family
418,1,2,female,18,13.0,S,Miss,Small_Family
419,0,2,male,30,13.0,S,Mr,Alone
420,0,3,female,10,24.15,S,Miss,Small_Family
421,0,3,male,25,7.8958,C,Mr,Alone
422,0,3,male,21,7.7333,Q,Mr,Alone
423,0,3,male,29,7.875,S,Mr,Alone
424,0,3,female,28,14.4,S,Mrs,Small_Family
425,0,3,male,18,20.2125,S,Mr,Small_Family
426,0,3,male,25,7.25,S,Mr,Alone
427,1,2,female,28,26.0,S,Mrs,Couple
428,1,2,female,19,26.0,S,Miss,Alone
429,0,3,male,25,7.75,Q,Mr,Alone
430,1,3,male,32,8.05,S,Mr,Alone
431,1,1,male,28,26.55,S,Mr,Alone
432,1,3,female,21,16.1,S,Mrs,Couple
433,1,2,female,42,26.0,S,Mrs,Couple
434,0,3,male,17,7.125,S,Mr,Alone
435,0,1,male,50,55.9,S,Mr,Couple
436,1,1,female,14,120.0,S,Miss,Small_Family
437,0,3,female,21,34.375,S,Miss,Large_Family
438,1,2,female,24,18.75,S,Mrs,Large_Family
439,0,1,male,64,263.0,S,Mr,Large_Family
440,0,2,male,31,10.5,S,Mr,Alone
441,1,2,female,45,26.25,S,Mrs,Small_Family
442,0,3,male,20,9.5,S,Mr,Alone
443,0,3,male,25,7.775,S,Mr,Couple
444,1,2,female,28,13.0,S,Miss,Alone
445,1,3,male,25,8.1125,S,Mr,Alone
446,1,1,male,4,81.8583,S,Master,Small_Family
447,1,2,female,13,19.5,S,Miss,Couple
448,1,1,male,34,26.55,S,Mr,Alone
449,1,3,female,5,19.2583,C,Miss,Small_Family
450,1,1,male,52,30.5,S,Rare,Alone
451,0,2,male,36,27.75,S,Mr,Small_Family
452,0,3,male,25,19.9667,S,Mr,Couple
453,0,1,male,30,27.75,C,Mr,Alone
454,1,1,male,49,89.1042,C,Mr,Couple
455,0,3,male,25,8.05,S,Mr,Alone
456,1,3,male,29,7.8958,C,Mr,Alone
457,0,1,male,65,26.55,S,Mr,Alone
458,1,1,female,35,51.8625,S,Mrs,Couple
459,1,2,female,50,10.5,S,Miss,Alone
460,0,3,male,25,7.75,Q,Mr,Alone
461,1,1,male,48,26.55,S,Mr,Alone
462,0,3,male,34,8.05,S,Mr,Alone
463,0,1,male,47,38.5,S,Mr,Alone
464,0,2,male,48,13.0,S,Mr,Alone
465,0,3,male,25,8.05,S,Mr,Alone
466,0,3,male,38,7.05,S,Mr,Alone
467,0,2,male,30,0.0,S,Mr,Alone
468,0,1,male,56,26.55,S,Mr,Alone
469,0,3,male,25,7.725,Q,Mr,Alone
470,1,3,female,0,19.2583,C,Miss,Small_Family
471,0,3,male,25,7.25,S,Mr,Alone
472,0,3,male,38,8.6625,S,Mr,Alone
473,1,2,female,33,27.75,S,Mrs,Small_Family
474,1,2,female,23,13.7917,C,Mrs,Alone
475,0,3,female,22,9.8375,S,Miss,Alone
476,0,1,male,40,52.0,S,Mr,Alone
477,0,2,male,34,21.0,S,Mr,Couple
478,0,3,male,29,7.0458,S,Mr,Couple
479,0,3,male,22,7.5208,S,Mr,Alone
480,1,3,female,2,12.2875,S,Miss,Couple
481,0,3,male,9,46.9,S,Master,Large_Family
482,0,2,male,30,0.0,S,Mr,Alone
483,0,3,male,50,8.05,S,Mr,Alone
484,1,3,female,63,9.5875,S,Mrs,Alone
485,1,1,male,25,91.0792,C,Mr,Couple
486,0,3,female,21,25.4667,S,Miss,Large_Family
487,1,1,female,35,90.0,S,Mrs,Couple
488,0,1,male,58,29.7,C,Mr,Alone
489,0,3,male,30,8.05,S,Mr,Alone
490,1,3,male,9,15.9,S,Master,Small_Family
491,0,3,male,25,19.9667,S,Mr,Couple
492,0,3,male,21,7.25,S,Mr,Alone
493,0,1,male,55,30.5,S,Mr,Alone
494,0,1,male,71,49.5042,C,Mr,Alone
495,0,3,male,21,8.05,S,Mr,Alone
496,0,3,male,25,14.4583,C,Mr,Alone
497,1,1,female,54,78.2667,C,Miss,Couple
498,0,3,male,25,15.1,S,Mr,Alone
499,0,1,female,25,151.55,S,Mrs,Small_Family
500,0,3,male,24,7.7958,S,Mr,Alone
501,0,3,male,17,8.6625,S,Mr,Alone
502,0,3,female,21,7.75,Q,Miss,Alone
503,0,3,female,21,7.6292,Q,Miss,Alone
504,0,3,female,37,9.5875,S,Miss,Alone
505,1,1,female,16,86.5,S,Miss,Alone
506,0,1,male,18,108.9,C,Mr,Couple
507,1,2,female,33,26.0,S,Mrs,Small_Family
508,1,1,male,40,26.55,S,Mr,Alone
509,0,3,male,28,22.525,S,Mr,Alone
510,1,3,male,26,56.4958,S,Mr,Alone
511,1,3,male,29,7.75,Q,Mr,Alone
512,0,3,male,25,8.05,S,Mr,Alone
513,1,1,male,36,26.2875,S,Mr,Alone
514,1,1,female,54,59.4,C,Mrs,Couple
515,0,3,male,24,7.4958,S,Mr,Alone
516,0,1,male,47,34.0208,S,Mr,Alone
517,1,2,female,34,10.5,S,Mrs,Alone
518,0,3,male,25,24.15,Q,Mr,Alone
519,1,2,female,36,26.0,S,Mrs,Couple
520,0,3,male,32,7.8958,S,Mr,Alone
521,1,1,female,30,93.5,S,Miss,Alone
522,0,3,male,22,7.8958,S,Mr,Alone
523,0,3,male,25,7.225,C,Mr,Alone
524,1,1,female,44,57.9792,C,Mrs,Couple
525,0,3,male,25,7.2292,C,Mr,Alone
526,0,3,male,40,7.75,Q,Mr,Alone
527,1,2,female,50,10.5,S,Miss,Alone
528,0,1,male,40,221.7792,S,Mr,Alone
529,0,3,male,39,7.925,S,Mr,Alone
530,0,2,male,23,11.5,S,Mr,Small_Family
531,1,2,female,2,26.0,S,Miss,Small_Family
532,0,3,male,25,7.2292,C,Mr,Alone
533,0,3,male,17,7.2292,C,Mr,Small_Family
534,1,3,female,21,22.3583,C,Mrs,Small_Family
535,0,3,female,30,8.6625,S,Miss,Alone
536,1,2,female,7,26.25,S,Miss,Small_Family
537,0,1,male,45,26.55,S,Rare,Alone
538,1,1,female,30,106.425,C,Miss,Alone
539,0,3,male,25,14.5,S,Mr,Alone
540,1,1,female,22,49.5,C,Miss,Small_Family
541,1,1,female,36,71.0,S,Miss,Small_Family
542,0,3,female,9,31.275,S,Miss,Large_Family
543,0,3,female,11,31.275,S,Miss,Large_Family
544,1,2,male,32,26.0,S,Mr,Couple
545,0,1,male,50,106.425,C,Mr,Couple
546,0,1,male,64,26.0,S,Mr,Alone
547,1,2,female,19,26.0,S,Mrs,Couple
548,1,2,male,30,13.8625,C,Mr,Alone
549,0,3,male,33,20.525,S,Mr,Small_Family
550,1,2,male,8,36.75,S,Master,Small_Family
551,1,1,male,17,110.8833,C,Mr,Small_Family
552,0,2,male,27,26.0,S,Mr,Alone
553,0,3,male,25,7.8292,Q,Mr,Alone
554,1,3,male,22,7.225,C,Mr,Alone
555,1,3,female,22,7.775,S,Miss,Alone
556,0,1,male,62,26.55,S,Mr,Alone
557,1,1,female,48,39.6,C,Rare,Couple
558,0,1,male,40,227.525,C,Mr,Alone
559,1,1,female,39,79.65,S,Mrs,Small_Family
560,1,3,female,36,17.4,S,Mrs,Couple
561,0,3,male,25,7.75,Q,Mr,Alone
562,0,3,male,40,7.8958,S,Mr,Alone
563,0,2,male,28,13.5,S,Mr,Alone
564,0,3,male,25,8.05,S,Mr,Alone
565,0,3,female,21,8.05,S,Miss,Alone
566,0,3,male,24,24.15,S,Mr,Small_Family
567,0,3,male,19,7.8958,S,Mr,Alone
568,0,3,female,29,21.075,S,Mrs,Large_Family
569,0,3,male,25,7.2292,C,Mr,Alone
570,1,3,male,32,7.8542,S,Mr,Alone
571,1,2,male,62,10.5,S,Mr,Alone
572,1,1,female,53,51.4792,S,Mrs,Small_Family
573,1,1,male,36,26.3875,S,Mr,Alone
574,1,3,female,21,7.75,Q,Miss,Alone
575,0,3,male,16,8.05,S,Mr,Alone
576,0,3,male,19,14.5,S,Mr,Alone
577,1,2,female,34,13.0,S,Miss,Alone
578,1,1,female,39,55.9,S,Mrs,Couple
579,0,3,female,21,14.4583,C,Mrs,Couple
580,1,3,male,32,7.925,S,Mr,Alone
581,1,2,female,25,30.0,S,Miss,Small_Family
582,1,1,female,39,110.8833,C,Mrs,Small_Family
583,0,2,male,54,26.0,S,Mr,Alone
584,0,1,male,36,40.125,C,Mr,Alone
585,0,3,male,25,8.7125,C,Mr,Alone
586,1,1,female,18,79.65,S,Miss,Small_Family
587,0,2,male,47,15.0,S,Mr,Alone
588,1,1,male,60,79.2,C,Mr,Small_Family
589,0,3,male,22,8.05,S,Mr,Alone
590,0,3,male,25,8.05,S,Mr,Alone
591,0,3,male,35,7.125,S,Mr,Alone
592,1,1,female,52,78.2667,C,Mrs,Couple
593,0,3,male,47,7.25,S,Mr,Alone
594,0,3,female,21,7.75,Q,Miss,Small_Family
595,0,2,male,37,26.0,S,Mr,Couple
596,0,3,male,36,24.15,S,Mr,Small_Family
597,1,2,female,28,33.0,S,Miss,Alone
598,0,3,male,49,0.0,S,Mr,Alone
599,0,3,male,25,7.225,C,Mr,Alone
600,1,1,male,49,56.9292,C,Rare,Couple
601,1,2,female,24,27.0,S,Mrs,Small_Family
602,0,3,male,25,7.8958,S,Mr,Alone
603,0,1,male,40,42.4,S,Mr,Alone
604,0,3,male,44,8.05,S,Mr,Alone
605,1,1,male,35,26.55,C,Mr,Alone
606,0,3,male,36,15.55,S,Mr,Couple
607,0,3,male,30,7.8958,S,Mr,Alone
608,1,1,male,27,30.5,S,Mr,Alone
609,1,2,female,22,41.5792,C,Mrs,Small_Family
610,1,1,female,40,153.4625,S,Miss,Alone
611,0,3,female,39,31.275,S,Mrs,Large_Family
612,0,3,male,25,7.05,S,Mr,Alone
613,1,3,female,21,15.5,Q,Miss,Couple
614,0,3,male,25,7.75,Q,Mr,Alone
615,0,3,male,35,8.05,S,Mr,Alone
616,1,2,female,24,65.0,S,Miss,Small_Family
617,0,3,male,34,14.4,S,Mr,Small_Family
618,0,3,female,26,16.1,S,Mrs,Couple
619,1,2,female,4,39.0,S,Miss,Small_Family
620,0,2,male,26,10.5,S,Mr,Alone
621,0,3,male,27,14.4542,C,Mr,Couple
622,1,1,male,42,52.5542,S,Mr,Couple
623,1,3,male,20,15.7417,C,Mr,Small_Family
624,0,3,male,21,7.8542,S,Mr,Alone
625,0,3,male,21,16.1,S,Mr,Alone
626,0,1,male,61,32.3208,S,Mr,Alone
627,0,2,male,57,12.35,Q,Rare,Alone
628,1,1,female,21,77.9583,S,Miss,Alone
629,0,3,male,26,7.8958,S,Mr,Alone
630,0,3,male,25,7.7333,Q,Mr,Alone
631,1,1,male,80,30.0,S,Mr,Alone
632,0,3,male,51,7.0542,S,Mr,Alone
633,1,1,male,32,30.5,C,Rare,Alone
634,0,1,male,40,0.0,S,Mr,Alone
635,0,3,female,9,27.9,S,Miss,Large_Family
636,1,2,female,28,13.0,S,Miss,Alone
637,0,3,male,32,7.925,S,Mr,Alone
638,0,2,male,31,26.25,S,Mr,Small_Family
639,0,3,female,41,39.6875,S,Mrs,Large_Family
640,0,3,male,25,16.1,S,Mr,Couple
641,0,3,male,20,7.8542,S,Mr,Alone
642,1,1,female,24,69.3,C,Miss,Alone
643,0,3,female,2,27.9,S,Miss,Large_Family
644,1,3,male,25,56.4958,S,Mr,Alone
645,1,3,female,0,19.2583,C,Miss,Small_Family
646,1,1,male,48,76.7292,C,Mr,Couple
647,0,3,male,19,7.8958,S,Mr,Alone
648,1,1,male,56,35.5,C,Rare,Alone
649,0,3,male,25,7.55,S,Mr,Alone
650,1,3,female,23,7.55,S,Miss,Alone
651,0,3,male,25,7.8958,S,Mr,Alone
652,1,2,female,18,23.0,S,Miss,Couple
653,0,3,male,21,8.4333,S,Mr,Alone
654,1,3,female,21,7.8292,Q,Miss,Alone
655,0,3,female,18,6.75,Q,Miss,Alone
656,0,2,male,24,73.5,S,Mr,Small_Family
657,0,3,male,25,7.8958,S,Mr,Alone
658,0,3,female,32,15.5,Q,Mrs,Small_Family
659,0,2,male,23,13.0,S,Mr,Alone
660,0,1,male,58,113.275,C,Mr,Small_Family
661,1,1,male,50,133.65,S,Rare,Small_Family
662,0,3,male,40,7.225,C,Mr,Alone
663,0,1,male,47,25.5875,S,Mr,Alone
664,0,3,male,36,7.4958,S,Mr,Alone
665,1,3,male,20,7.925,S,Mr,Couple
666,0,2,male,32,73.5,S,Mr,Small_Family
667,0,2,male,25,13.0,S,Mr,Alone
668,0,3,male,25,7.775,S,Mr,Alone
669,0,3,male,43,8.05,S,Mr,Alone
670,1,1,female,35,52.0,S,Mrs,Couple
671,1,2,female,40,39.0,S,Mrs,Small_Family
672,0,1,male,31,52.0,S,Mr,Couple
673,0,2,male,70,10.5,S,Mr,Alone
674,1,2,male,31,13.0,S,Mr,Alone
675,0,2,male,30,0.0,S,Mr,Alone
676,0,3,male,18,7.775,S,Mr,Alone
677,0,3,male,24,8.05,S,Mr,Alone
678,1,3,female,18,9.8417,S,Miss,Alone
679,0,3,female,43,46.9,S,Mrs,Large_Family
680,1,1,male,36,512.3292,C,Mr,Couple
681,0,3,female,21,8.1375,Q,Miss,Alone
682,1,1,male,27,76.7292,C,Mr,Alone
683,0,3,male,20,9.225,S,Mr,Alone
684,0,3,male,14,46.9,S,Mr,Large_Family
685,0,2,male,60,39.0,S,Mr,Small_Family
686,0,2,male,25,41.5792,C,Mr,Small_Family
687,0,3,male,14,39.6875,S,Mr,Large_Family
688,0,3,male,19,10.1708,S,Mr,Alone
689,0,3,male,18,7.7958,S,Mr,Alone
690,1,1,female,15,211.3375,S,Miss,Couple
691,1,1,male,31,57.0,S,Mr,Couple
692,1,3,female,4,13.4167,C,Miss,Couple
693,1,3,male,25,56.4958,S,Mr,Alone
694,0,3,male,25,7.225,C,Mr,Alone
695,0,1,male,60,26.55,S,Rare,Alone
696,0,2,male,52,13.5,S,Mr,Alone
697,0,3,male,44,8.05,S,Mr,Alone
698,1,3,female,21,7.7333,Q,Miss,Alone
699,0,1,male,49,110.8833,C,Mr,Small_Family
700,0,3,male,42,7.65,S,Mr,Alone
701,1,1,female,18,227.525,C,Mrs,Couple
702,1,1,male,35,26.2875,S,Mr,Alone
703,0,3,female,18,14.4542,C,Miss,Couple
704,0,3,male,25,7.7417,Q,Mr,Alone
705,0,3,male,26,7.8542,S,Mr,Couple
706,0,2,male,39,26.0,S,Mr,Alone
707,1,2,female,45,13.5,S,Mrs,Alone
708,1,1,male,42,26.2875,S,Mr,Alone
709,1,1,female,22,151.55,S,Miss,Alone
710,1,3,male,25,15.2458,C,Master,Small_Family
711,1,1,female,24,49.5042,C,Miss,Alone
712,0,1,male,40,26.55,S,Mr,Alone
713,1,1,male,48,52.0,S,Mr,Couple
714,0,3,male,29,9.4833,S,Mr,Alone
715,0,2,male,52,13.0,S,Mr,Alone
716,0,3,male,19,7.65,S,Mr,Alone
717,1,1,female,38,227.525,C,Miss,Alone
718,1,2,female,27,10.5,S,Miss,Alone
719,0,3,male,25,15.5,Q,Mr,Alone
720,0,3,male,33,7.775,S,Mr,Alone
721,1,2,female,6,33.0,S,Miss,Couple
722,0,3,male,17,7.0542,S,Mr,Couple
723,0,2,male,34,13.0,S,Mr,Alone
724,0,2,male,50,13.0,S,Mr,Alone
725,1,1,male,27,53.1,S,Mr,Couple
726,0,3,male,20,8.6625,S,Mr,Alone
727,1,2,female,30,21.0,S,Mrs,Small_Family
728,1,3,female,21,7.7375,Q,Miss,Alone
729,0,2,male,25,26.0,S,Mr,Couple
730,0,3,female,25,7.925,S,Miss,Couple
731,1,1,female,29,211.3375,S,Miss,Alone
732,0,3,male,11,18.7875,C,Mr,Alone
733,0,2,male,30,0.0,S,Mr,Alone
734,0,2,male,23,13.0,S,Mr,Alone
735,0,2,male,23,13.0,S,Mr,Alone
736,0,3,male,28,16.1,S,Mr,Alone
737,0,3,female,48,34.375,S,Mrs,Large_Family
738,1,1,male,35,512.3292,C,Mr,Alone
739,0,3,male,25,7.8958,S,Mr,Alone
740,0,3,male,25,7.8958,S,Mr,Alone
741,1,1,male,40,30.0,S,Mr,Alone
742,0,1,male,36,78.85,S,Mr,Couple
743,1,1,female,21,262.375,C,Miss,Large_Family
744,0,3,male,24,16.1,S,Mr,Couple
745,1,3,male,31,7.925,S,Mr,Alone
746,0,1,male,70,71.0,S,Rare,Small_Family
747,0,3,male,16,20.25,S,Mr,Small_Family
748,1,2,female,30,13.0,S,Miss,Alone
749,0,1,male,19,53.1,S,Mr,Couple
750,0,3,male,31,7.75,Q,Mr,Alone
751,1,2,female,4,23.0,S,Miss,Small_Family
752,1,3,male,6,12.475,S,Master,Couple
753,0,3,male,33,9.5,S,Mr,Alone
754,0,3,male,23,7.8958,S,Mr,Alone
755,1,2,female,48,65.0,S,Mrs,Small_Family
756,1,2,male,0,14.5,S,Master,Small_Family
757,0,3,male,28,7.7958,S,Mr,Alone
758,0,2,male,18,11.5,S,Mr,Alone
759,0,3,male,34,8.05,S,Mr,Alone
760,1,1,female,33,86.5,S,Rare,Alone
761,0,3,male,25,14.5,S,Mr,Alone
762,0,3,male,41,7.125,S,Mr,Alone
763,1,3,male,20,7.2292,C,Mr,Alone
764,1,1,female,36,120.0,S,Mrs,Small_Family
765,0,3,male,16,7.775,S,Mr,Alone
766,1,1,female,51,77.9583,S,Mrs,Couple
767,0,1,male,40,39.6,C,Rare,Alone
768,0,3,female,30,7.75,Q,Miss,Alone
769,0,3,male,25,24.15,Q,Mr,Couple
770,0,3,male,32,8.3625,S,Mr,Alone
771,0,3,male,24,9.5,S,Mr,Alone
772,0,3,male,48,7.8542,S,Mr,Alone
773,0,2,female,57,10.5,S,Mrs,Alone
774,0,3,male,25,7.225,C,Mr,Alone
775,1,2,female,54,23.0,S,Mrs,Large_Family
776,0,3,male,18,7.75,S,Mr,Alone
777,0,3,male,25,7.75,Q,Mr,Alone
778,1,3,female,5,12.475,S,Miss,Alone
779,0,3,male,25,7.7375,Q,Mr,Alone
780,1,1,female,43,211.3375,S,Mrs,Couple
781,1,3,female,13,7.2292,C,Miss,Alone
782,1,1,female,17,57.0,S,Mrs,Couple
783,0,1,male,29,30.0,S,Mr,Alone
784,0,3,male,25,23.45,S,Mr,Small_Family
785,0,3,male,25,7.05,S,Mr,Alone
786,0,3,male,25,7.25,S,Mr,Alone
787,1,3,female,18,7.4958,S,Miss,Alone
788,0,3,male,8,29.125,Q,Master,Large_Family
789,1,3,male,1,20.575,S,Master,Small_Family
790,0,1,male,46,79.2,C,Mr,Alone
791,0,3,male,25,7.75,Q,Mr,Alone
792,0,2,male,16,26.0,S,Mr,Alone
793,0,3,female,21,69.55,S,Miss,Large_Family
794,0,1,male,40,30.6958,C,Mr,Alone
795,0,3,male,25,7.8958,S,Mr,Alone
796,0,2,male,39,13.0,S,Mr,Alone
797,1,1,female,49,25.9292,S,Rare,Alone
798,1,3,female,31,8.6833,S,Mrs,Alone
799,0,3,male,30,7.2292,C,Mr,Alone
800,0,3,female,30,24.15,S,Mrs,Small_Family
801,0,2,male,34,13.0,S,Mr,Alone
802,1,2,female,31,26.25,S,Mrs,Small_Family
803,1,1,male,11,120.0,S,Master,Small_Family
804,1,3,male,0,8.5167,C,Master,Couple
805,1,3,male,27,6.975,S,Mr,Alone
806,0,3,male,31,7.775,S,Mr,Alone
807,0,1,male,39,0.0,S,Mr,Alone
808,0,3,female,18,7.775,S,Miss,Alone
809,0,2,male,39,13.0,S,Mr,Alone
810,1,1,female,33,53.1,S,Mrs,Couple
811,0,3,male,26,7.8875,S,Mr,Alone
812,0,3,male,39,24.15,S,Mr,Alone
813,0,2,male,35,10.5,S,Mr,Alone
814,0,3,female,6,31.275,S,Miss,Large_Family
815,0,3,male,30,8.05,S,Mr,Alone
816,0,1,male,40,0.0,S,Mr,Alone
817,0,3,female,23,7.925,S,Miss,Alone
818,0,2,male,31,37.0042,C,Mr,Small_Family
819,0,3,male,43,6.45,S,Mr,Alone
820,0,3,male,10,27.9,S,Master,Large_Family
821,1,1,female,52,93.5,S,Mrs,Small_Family
822,1,3,male,27,8.6625,S,Mr,Alone
823,0,1,male,38,0.0,S,Rare,Alone
824,1,3,female,27,12.475,S,Mrs,Couple
825,0,3,male,2,39.6875,S,Master,Large_Family
826,0,3,male,25,6.95,Q,Mr,Alone
827,0,3,male,25,56.4958,S,Mr,Alone
828,1,2,male,1,37.0042,C,Master,Small_Family
829,1,3,male,25,7.75,Q,Mr,Alone
830,1,1,female,62,80.0,S,Mrs,Alone
831,1,3,female,15,14.4542,C,Mrs,Couple
832,1,2,male,0,18.75,S,Master,Small_Family
833,0,3,male,25,7.2292,C,Mr,Alone
834,0,3,male,23,7.8542,S,Mr,Alone
835,0,3,male,18,8.3,S,Mr,Alone
836,1,1,female,39,83.1583,C,Miss,Small_Family
837,0,3,male,21,8.6625,S,Mr,Alone
838,0,3,male,25,8.05,S,Mr,Alone
839,1,3,male,32,56.4958,S,Mr,Alone
840,1,1,male,40,29.7,C,Mr,Alone
841,0,3,male,20,7.925,S,Mr,Alone
842,0,2,male,16,10.5,S,Mr,Alone
843,1,1,female,30,31.0,C,Miss,Alone
844,0,3,male,34,6.4375,C,Mr,Alone
845,0,3,male,17,8.6625,S,Mr,Alone
846,0,3,male,42,7.55,S,Mr,Alone
847,0,3,male,25,69.55,S,Mr,Large_Family
848,0,3,male,35,7.8958,C,Mr,Alone
849,0,2,male,28,33.0,S,Rare,Couple
850,1,1,female,35,89.1042,C,Mrs,Couple
851,0,3,male,4,31.275,S,Master,Large_Family
852,0,3,male,74,7.775,S,Mr,Alone
853,0,3,female,9,15.2458,C,Miss,Small_Family
854,1,1,female,16,39.4,S,Miss,Couple
855,0,2,female,44,26.0,S,Mrs,Couple
856,1,3,female,18,9.35,S,Mrs,Couple
857,1,1,female,45,164.8667,S,Mrs,Small_Family
858,1,1,male,51,26.55,S,Mr,Alone
859,1,3,female,24,19.2583,C,Mrs,Small_Family
860,0,3,male,25,7.2292,C,Mr,Alone
861,0,3,male,41,14.1083,S,Mr,Small_Family
862,0,2,male,21,11.5,S,Mr,Couple
863,1,1,female,48,25.9292,S,Mrs,Alone
864,0,3,female,21,69.55,S,Miss,Large_Family
865,0,2,male,24,13.0,S,Mr,Alone
866,1,2,female,42,13.0,S,Mrs,Alone
867,1,2,female,27,13.8583,C,Miss,Couple
868,0,1,male,31,50.4958,S,Mr,Alone
869,0,3,male,25,9.5,S,Mr,Alone
870,1,3,male,4,11.1333,S,Master,Small_Family
871,0,3,male,26,7.8958,S,Mr,Alone
872,1,1,female,47,52.5542,S,Mrs,Small_Family
873,0,1,male,33,5.0,S,Mr,Alone
874,0,3,male,47,9.0,S,Mr,Alone
875,1,2,female,28,24.0,C,Mrs,Couple
876,1,3,female,15,7.225,C,Miss,Alone
877,0,3,male,20,9.8458,S,Mr,Alone
878,0,3,male,19,7.8958,S,Mr,Alone
879,0,3,male,25,7.8958,S,Mr,Alone
880,1,1,female,56,83.1583,C,Mrs,Couple
881,1,2,female,25,26.0,S,Mrs,Couple
882,0,3,male,33,7.8958,S,Mr,Alone
883,0,3,female,22,10.5167,S,Miss,Alone
884,0,2,male,28,10.5,S,Mr,Alone
885,0,3,male,25,7.05,S,Mr,Alone
886,0,3,female,39,29.125,Q,Mrs,Large_Family
887,0,2,male,27,13.0,S,Rare,Alone
888,1,1,female,19,30.0,S,Miss,Alone
889,0,3,female,21,23.45,S,Miss,Small_Family
890,1,1,male,26,30.0,C,Mr,Alone
891,0,3,male,32,7.75,Q,Mr,Alone
